host,sector,region,notes
h001,cdn_cloud,global,
h002,cdn_cloud,global,
h003,cdn_cloud,global,
h004,cdn_cloud,global,
h005,cdn_cloud,global,
h006,cdn_cloud,global,test endpoint
h007,cdn_cloud,global,
h008,cdn_cloud,global,
h009,cdn_cloud,us,
h010,cdn_cloud,us,
h011,cdn_cloud,us,
h012,cdn_cloud,us,
h013,cdn_cloud,us,
h014,cdn_cloud,us,
h015,cdn_cloud,us,
h016,cdn_cloud,us,
h017,cdn_cloud,us,
h018,cdn_cloud,us,
h019,cdn_cloud,us,
h020,cdn_cloud,eu_de,
h021,cdn_cloud,eu_fr,
h022,cdn_cloud,eu_fr,
h023,cdn_cloud,us,
h024,cdn_cloud,us,
h025,cdn_cloud,us,
h026,cdn_cloud,cn,
h027,cdn_cloud,cn,
h028,cdn_cloud,eu,
h029,cdn_cloud,us,
h030,cdn_cloud,us,
h031,cdn_cloud,us,
h032,cdn_cloud,us,
h033,cdn_cloud,us,
h034,cdn_cloud,us,
h035,cdn_cloud,us,
h036,cdn_cloud,us,
h037,bigtech_saas,us,
h038,bigtech_saas,us,
h039,bigtech_saas,us,
h040,bigtech_saas,us,
h041,bigtech_saas,us,
h042,bigtech_saas,us,
h043,bigtech_saas,us,
h044,bigtech_saas,us,
h045,bigtech_saas,us,
h046,bigtech_saas,us,
h047,bigtech_saas,us,
h048,bigtech_saas,us,
h049,bigtech_saas,us,
h050,bigtech_saas,us,
h051,bigtech_saas,us,
h052,bigtech_saas,us,
h053,bigtech_saas,us,
h054,bigtech_saas,us,
h055,bigtech_saas,us,
h056,bigtech_saas,us,
h057,bigtech_saas,us,
h058,bigtech_saas,us,
h059,bigtech_saas,us,
h060,bigtech_saas,us,
h061,bigtech_saas,us,
h062,bigtech_saas,us,
h063,bigtech_saas,us,
h064,bigtech_saas,us,
h065,bigtech_saas,au,
h066,bigtech_saas,us,
h067,bigtech_saas,us,
h068,bigtech_saas,us,
h069,bigtech_saas,us,
h070,bigtech_saas,us,
h071,bigtech_saas,us,
h072,bigtech_saas,us,
h073,bigtech_saas,us,
h074,bigtech_saas,us,
h075,bigtech_saas,us,
h076,bigtech_saas,us,
h077,bigtech_saas,us,
h078,bigtech_saas,us,
h079,bigtech_saas,us,
h080,bigtech_saas,us,
h081,bigtech_saas,ca,
h082,bigtech_saas,ca,
h083,bigtech_saas,us,
h084,bigtech_saas,us,
h085,bigtech_saas,us,
h086,bigtech_saas,us,
h087,bigtech_saas,us,
h088,bigtech_saas,us,
h089,bigtech_saas,us,
h090,bigtech_saas,us,
h091,bigtech_saas,us,
h092,bigtech_saas,us,
h093,bigtech_saas,us,
h094,bigtech_saas,us,
h095,bigtech_saas,us,
h096,bigtech_saas,us,
h097,bigtech_saas,us,
h098,bigtech_saas,us,
h099,bigtech_saas,au,
h100,bigtech_saas,us,
h101,bigtech_saas,us,
h102,bigtech_saas,us,
h103,banking,us,
h104,banking,us,
h105,banking,us,
h106,banking,us,
h107,banking,us,
h108,banking,us,
h109,banking,us,
h110,banking,us,
h111,banking,us,
h112,banking,us,
h113,banking,us,
h114,banking,uk,
h115,banking,uk,
h116,banking,uk,
h117,banking,uk,
h118,banking,uk,
h119,banking,uk,
h120,banking,uk,
h121,banking,eu_de,
h122,banking,eu_de,
h123,banking,eu_fr,
h124,banking,eu_fr,
h125,banking,eu_fr,
h126,banking,eu_es,
h127,banking,eu_es,
h128,banking,eu_nl,
h129,banking,eu_nl,
h130,banking,eu_ch,
h131,banking,eu_it,
h132,banking,eu_it,
h133,banking,eu_be,
h134,banking,eu_ie,
h135,banking,jp,
h136,banking,jp,
h137,banking,jp,
h138,banking,sg,
h139,banking,sg,
h140,banking,sg,
h141,banking,sg,
h142,banking,my,
h143,banking,uk,
h144,banking,hk,
h145,banking,hk,
h146,banking,hk,
h147,banking,hk,
h148,banking,au,
h149,banking,au,
h150,banking,au,
h151,banking,au,
h152,banking,au,
h153,banking,ca,
h154,banking,ca,
h155,banking,ca,
h156,banking,ca,
h157,banking,ca,
h158,banking,kr,
h159,banking,kr,
h160,banking,kr,
h161,banking,in,
h162,banking,in,
h163,banking,in,
h164,banking,br,
h165,banking,br,
h166,banking,br,
h167,government,us,
h168,government,us,
h169,government,us,
h170,government,us,
h171,government,us,
h172,government,us,
h173,government,us,
h174,government,us,
h175,government,us,
h176,government,us,
h177,government,us,
h178,government,us,
h179,government,us,
h180,government,uk,
h181,government,uk,
h182,government,uk,
h183,government,uk,
h184,government,eu,
h185,government,eu,
h186,government,eu,
h187,government,eu,
h188,government,eu,
h189,government,eu,
h190,government,eu,
h191,government,eu_de,
h192,government,eu_de,
h193,government,eu_de,
h194,government,eu_fr,
h195,government,eu_fr,
h196,government,eu_fr,
h197,government,eu_fr,
h198,government,eu_nl,
h199,government,eu_nl,
h200,government,sg,
h201,government,sg,
h202,government,sg,
h203,government,au,
h204,government,au,
h205,government,au,
h206,government,ca,
h207,government,ca,
h208,government,jp,
h209,government,jp,
h210,ecommerce,us,
h211,ecommerce,uk,
h212,ecommerce,eu_de,
h213,ecommerce,jp,
h214,ecommerce,in,
h215,ecommerce,cn,
h216,ecommerce,cn,
h217,ecommerce,cn,
h218,ecommerce,cn,
h219,ecommerce,cn,
h220,ecommerce,us,
h221,ecommerce,uk,
h222,ecommerce,us,
h223,ecommerce,us,
h224,ecommerce,us,
h225,ecommerce,us,
h226,ecommerce,us,
h227,ecommerce,us,
h228,ecommerce,eu,
h229,ecommerce,uk,
h230,ecommerce,latam,
h231,ecommerce,br,
h232,ecommerce,jp,
h233,ecommerce,jp,
h234,ecommerce,kr,
h235,ecommerce,kr,
h236,ecommerce,sg,
h237,ecommerce,sg,
h238,ecommerce,my,
h239,ecommerce,id,
h240,ecommerce,th,
h241,ecommerce,ph,
h242,ecommerce,eu_de,
h243,ecommerce,uk,
h244,ecommerce,eu_es,
h245,ecommerce,eu,
h246,ecommerce,in,
h247,ecommerce,in,
h248,news_media,us,
h249,news_media,us,
h250,news_media,us,
h251,news_media,us,
h252,news_media,us,
h253,news_media,uk,
h254,news_media,uk,
h255,news_media,us,
h256,news_media,us,
h257,news_media,us,
h258,news_media,us,
h259,news_media,uk,
h260,news_media,uk,
h261,news_media,uk,
h262,news_media,uk,
h263,news_media,uk,
h264,news_media,eu_fr,
h265,news_media,eu_fr,
h266,news_media,eu_fr,
h267,news_media,eu_de,
h268,news_media,eu_de,
h269,news_media,eu_de,
h270,news_media,eu_de,
h271,news_media,eu_es,
h272,news_media,eu_es,
h273,news_media,eu_it,
h274,news_media,eu_it,
h275,news_media,jp,
h276,news_media,jp,
h277,news_media,jp,
h278,news_media,jp,
h279,news_media,hk,
h280,news_media,sg,
h281,news_media,sg,
h282,news_media,au,
h283,news_media,au,
h284,news_media,in,
h285,news_media,in,
h286,critical_infra,uk,
h287,critical_infra,uk,
h288,critical_infra,eu_fr,
h289,critical_infra,us,
h290,critical_infra,us,
h291,critical_infra,eu,
h292,critical_infra,eu_it,
h293,critical_infra,me,
h294,critical_infra,us,
h295,critical_infra,us,
h296,critical_infra,us,
h297,critical_infra,uk,
h298,critical_infra,uk,
h299,critical_infra,uk,
h300,critical_infra,uk,
h301,critical_infra,eu_es,
h302,critical_infra,eu_es,
h303,critical_infra,eu_de,
h304,critical_infra,eu_de,
h305,critical_infra,eu_fr,
h306,critical_infra,eu_fr,
h307,critical_infra,eu_nl,
h308,critical_infra,eu_be,
h309,critical_infra,jp,
h310,critical_infra,jp,
h311,critical_infra,jp,
h312,critical_infra,jp,
h313,critical_infra,sg,
h314,critical_infra,sg,
h315,critical_infra,in,
h316,critical_infra,in,
h317,critical_infra,in,
h318,critical_infra,au,
h319,critical_infra,au,
h320,critical_infra,ca,
h321,critical_infra,ca,
h322,critical_infra,ca,
h323,pq_aware_control,us,
h324,pq_aware_control,us,
h325,pq_aware_control,eu_ch,
h326,pq_aware_control,eu_ch,
h327,pq_aware_control,eu_ch,
h328,pq_aware_control,eu_se,
h329,pq_aware_control,eu_se,
h330,pq_aware_control,us,
h331,pq_aware_control,us,
h332,pq_aware_control,us,
h333,pq_aware_control,us,
h334,pq_aware_control,us,
h335,pq_aware_control,us,
h336,pq_aware_control,us,
h337,pq_aware_control,au,
h338,pq_aware_control,eu,
h339,pq_aware_control,eu_de,
h340,pq_aware_control,us,
h341,pq_aware_control,us,
h342,pq_aware_control,us,
h343,pq_aware_control,us,
h344,pq_aware_control,us,
h345,pq_aware_control,us,
h346,pq_aware_control,global,test endpoint
h347,pq_aware_control,us,
h348,pq_aware_control,us,
h349,pq_aware_control,us,
h350,pq_aware_control,us,
